Konzept,Formel,Definition,Herleitung,Verknuepfung,Quelle_Origin,,,,
Septim-Algebra (Struktur des physikalischen Kontinuums),X³ - 7 = 0,"Algebraische Darstellung der Irreduzibilität, die zur Emergenz der 3. Dimension führt.",Die Irreduzibilität der Gleichung erzwingt eine dreidimensionale Repräsentation in der Raumzeit-Geometrie.,Verbindet algebraische Wurzeln mit der topologischen Dimension des Konfigurationsraums (Dimension n=3).,Intern,,,,
Baryonisches Delta (Baryonische Materiedichte),Ωb ≈ 7/144,Dimensionslose Größe der kosmologischen Materieverteilung.,Verknüpft die algebraische Struktur (Septim) mit der physikalischen Massenverteilung in der Metrik.,"Stellt den Materieanteil im Stress-Energie-Momentum-Tensor Tαβ dar, der die Krümmung Gαβ bestimmt.",Intern,,,,
Raumzeit-Metrik (Einstein-Gleichung),Gαβ = Tαβ,"Gαβ (Geometrie/Krümmung), Tαβ (Materie/Energie). Dimension: 4D-Mannigfaltigkeit.",Materie diktiert der Raumzeit die Krümmung; Krümmung diktiert der Materie die Bewegung (Geometrodynamik).,Verwendet die Riemann-Metrik gij zur Berechnung der Christoffel-Symbole und des Ricci-Tensors.,Intern,,,,
Thermodynamik der Information (Landauer-Prinzip),S = -Tr(ρ̂ ln ρ̂),Entropie als Maß für fehlende Information im Quantenzustand ρ̂.,"Informationslöschung erzeugt Wärme (ΔQ ≥ k_B T ln 2), was in der FTOE als Ursprung der Gravitation interpretiert wird.",Verknüpft die Dichtematrix ρ̂ mit thermodynamischer Entropie S und der gravitativen Wirkung Tαβ.,Intern,,,,
Gravitation als geometrischer Effekt,d²ξi / ds² + Rijkl (dxj/ds) ξk (dxl/ds) = 0,"Geodätengleichung, die die Abweichung von Geodäten (ξi) beschreibt.",Zeigt,dass freier Fall keine Kraft,sondern eine Folge der Raumzeitkrümmung Rijkl ist.,Setzt die relative Beschleunigung in Beziehung zum Riemannschen Krümmungstensor Rijkl.,Intern,,
Topologische Dimension des Raums,n = dim(M),n ist die Dimension der Mannigfaltigkeit M (hier n=3 für Raum).,Abgeleitet aus der Nicht-Faktorisierbarkeit des Polynoms X³ - 7 über den rationalen Zahlen.,Die algebraische Eigenschaft (Grad 3) definiert die topologischen Freiheitsgrade der physikalischen Metrik gij.,Intern,,,,
Homogenisierung der Metrik,"G(1)(1)(i)(j) = h11(t) gij(t, x, v)","Metrik-Tensor, skaliert durch den Faktor h11(t).",Der Skalierungsfaktor h11 glättet mikroskopische Fluktuationen zu einer makroskopisch homogenen Raumzeit.,Koppelt die mikroskopische (diskrete) Informationsstruktur an die makroskopische (kontinuierliche) Gravitation Gαβ.,Intern,,,,
Baryonisches Delta (Baryonische Materiedichte),Ωb ≈ 7/144 (impliziert durch h/g Verhältnisse),Verhältnis von spezifischen Parametern der Theorie (7 zu 144).,Baryonische Materie (Ωb) wird nicht als fundamentale Substanz verstanden,sondern als topologischer Defekt im Informationsgitter.,Koppelt die algebraische Grundstruktur (7) an die geometrische Gitterstruktur (144).,Intern,,,
Septim-Algebra (Irreduzibilität der 7),X³ - 7 = 0 (Septim-Algebra-Kern),Irreduzibles Polynom über den rationalen Zahlen.,Das Fehlen rationaler Wurzeln erzwingt eine Einbettung in einen 3D-Raum (reelle/komplexe Wurzeln).,Definiert die Dimensionalität der Raumzeit n=3 als mathematische Notwendigkeit.,Intern,,,,
Informations-Entropie (Zeitpfeil),∂tS = ∂t-Tr(ρ̂ ln ρ̂) ≥ 0,"Zunahme der Entropie S, abgeleitet nach der Zeit t.",Zeit entsteht als thermodynamisches Phänomen durch den irreversiblen Verlust mikroskopischer Information.,Die Entropiezunahme ∂tS treibt die raumzeitliche Dynamik in Gαβ = Tαβ an.,Intern,,,,
Topologische Dimension der Raumzeit,dim(M) = 3 (Raum) + 1 (Zeit),4D-Mannigfaltigkeit M.,Zeit wird nicht als eigenständige Dimension,sondern als emergenter thermodynamischer Parameter behandelt.,Verbindet die 3D-Geometrie (aus X³-7=0) mit dem thermodynamischen Zeitpfeil (∂tS ≥ 0).,Intern,,,
Geometrischer Effekt der Gravitation,Rμν - 1/2 gμν R = 8πG/c⁴ Tμν,Einstein-Feldgleichungen.,Gravitation ist die makroskopische Krümmung der Raumzeit,verursacht durch die Energie-Impuls-Verteilung Tμν.,Tμν wird durch die zugrundeliegenden Informationsprozesse (Entropie,Materiedichte) determiniert.,Intern,,
Homogenisierungs-Metrik,g_ij(macro) = ∫ f(h) g_ij(micro) dh,Makroskopische Metrik g_ij(macro) als Integral über mikroskopische Zustände.,Glättung der diskreten Informations-Ebene zu einem kontinuierlichen Raumzeit-Gefüge.,Verbindet die Quanten-Informationsebene mit der klassischen Allgemeinen Relativitätstheorie.,Intern,,,,
Topologische Dimension (Euler-Charakteristik),χ(M) = Σ (-1)^p b_p,Euler-Charakteristik χ einer Mannigfaltigkeit M mit Betti-Zahlen b_p.,Die Topologie des Raumes (χ) beeinflusst die möglichen physikalischen Felder und Teilchen.,Verknüpft globale topologische Invarianten mit lokalen geometrischen Eigenschaften (Metrik).,Intern,,,,
Baryonisches Delta / Materiedichte,Ωb = f(7) / g(144),Ωb als Funktion algebraischer und geometrischer Parameter.,Die spezifische Dichte der baryonischen Materie ist eine Folge der fundamentalen mathematischen Konstanten der Theorie.,Setzt Ωb direkt in Beziehung zur Stress-Energie-Verteilung Tμν.,Intern,,,,
Septim-Algebra / Kardanischer Phasensprung,φ = (X³ - 7) mod p,Phasenwinkel φ als Restklasse.,Der Kardanische Phasensprung beschreibt die diskreten Phasenübergänge im Informationsgitter.,Koppelt die kontinuierliche Raumzeit-Geometrie an die diskrete arithmetische Struktur.,Intern,,,,
Informations-Entropie / Zeit-Pfeil,dS/dt > 0,Positivität der Entropie-Änderungsrate.,Der Zeitpfeil ist strikt an die Zunahme der Informations-Entropie geknüpft (Irreversibilität).,Verbindet Thermodynamik mit der zeitlichen Entwicklung der Metrik g_ij(t).,Intern,,,,
Geometrischer Effekt der Gravitation / Krümmung,K = k / R²,Gaußsche Krümmung K.,Die lokale Krümmung des Raumes (Gravitation) wird durch den Skalenfaktor R bestimmt.,Verknüpft die Krümmung K mit dem Ricci-Skalar R in den Feldgleichungen.,Intern,,,,
Homogenisierungs-Metrik / Skalenübergang,ds² = h_11(x) dt² - h_ij(x) dx^i dx^j,Linienelement ds² mit homogenisierten Koeffizienten h_ij.,Beschreibt die effektive Raumzeit-Geometrie auf makroskopischen Skalen nach Integration mikroskopischer Freiheitsgrade.,Setzt die homogenisierte Metrik h_ij in Beziehung zu Gαβ.,Intern,,,,
Topologische Dimension / Betti-Zahlen,b_p = dim(H_p(M)),Betti-Zahl b_p als Dimension der p-ten Homologiegruppe.,"Die Betti-Zahlen definieren die Anzahl der p-dimensionalen """"Löcher"""" in der Mannigfaltigkeit M.",Koppelt die Topologie (b_p) an die Euler-Charakteristik χ(M) und die Feldkonfigurationen.,Intern,,,,
Algebraische Herleitung der 3. Dimension,X³ - 7 = 0,Algebraische Gleichung 3. Grades.,Die Irreduzibilität über Q fordert einen Spaltungskörper vom Grad 6 und führt zu einer 3D-Geometrie (1 reelle + 2 komplexe Wurzeln).,Definiert die Basis für dim(M) = 3.,Intern,,,,
Baryonisches Delta / Gitter-Orbit,7/144,Spezifisches Verhältnis.,Das Verhältnis 7 (Septim) zu 144 (Gitterpunkte) manifestiert sich physikalisch als baryonische Materiedichte.,Ωb ist kein freier Parameter,sondern geometrisch determiniert.,Intern,,,
Gravitation (Entropische Kraft),F = T ∇S (nach Verlinde),"Entropische Kraft F, Temperatur T, Entropiegradient ∇S.",Gravitation entsteht durch die Tendenz physikalischer Systeme,die Entropie (Information) zu maximieren.,Verknüpft thermodynamische Größen (T,S) mit der mechanischen Kraft F.,Intern,,
Zeitpfeil als algorithmische Irreversibilität,"T: S(t_1) -> S(t_2), wobei |S(t_2)| < |S(t_1)|",Abbildung T,die den Zustandsraum S verkleinert.,Die Löschung von Information (Landauer) verkleinert den Phasenraum und gibt dem System eine zeitliche Richtung (Zeitpfeil).,Koppelt den Operator T an die Entropiezunahme ∂tS.,Intern,,,
Homogenisierung von Gitter-Defekten,g_eff = g_background + δg(Defekte),Effektive Metrik g_eff.,Die Raumzeitkrümmung wird als makroskopische Manifestation mikroskopischer Gitter-Defekte (Information) verstanden.,δg(Defekte) trägt zum Energie-Impuls-Tensor Tαβ bei.,Intern,,,,
Baryonisches Delta / Omega_b,Ω_b = 7 / (12^2) = 7/144,Verhältnis von 7 zu 144 = 12^2.,Das 12x12 Gitter bildet den Hintergrund,auf dem sich die 7 (Septim) als Materie manifestiert.,Verbindet diskrete Gitter-Geometrie mit kosmologischen Parametern.,Intern,,,
Herleitung der 3. Dimension (Algebraische Irreduzibilität),"[Q(∛7, e^(2πi/3)) : Q] = 6",Grad der Körpererweiterung.,Die Symmetriegruppe der Wurzeln (S3) erfordert minimal 3 räumliche Dimensionen für eine treue Darstellung.,Setzt die Galois-Gruppe der Gleichung X³-7=0 in Beziehung zur Geometrie.,Intern,,,,
Informations-Entropie / Dichtematrix,ρ = Σ p_i |ψ_i><ψ_i|,Dichtematrix ρ für gemischte Zustände.,Der Verlust reiner Zustände (|ψ><ψ|) zu gemischten Zuständen (ρ) bedeutet Informationsverlust und Entropiezunahme.,ρ fließt in die Von-Neumann-Entropie S = -Tr(ρ ln ρ) ein.,Intern,,,,
Gravitation (Hydrodynamisches Limit),∂_t v + (v ∇) v = -∇P / ρ + ν Δv,Navier-Stokes-Gleichung.,Die Raumzeit wird als Fluid modelliert; Gravitation entspricht dem hydrodynamischen Druck P in diesem Fluid.,Verknüpft die Metrik g_ij mit hydrodynamischen Variablen (v,P,ρ).,Intern,,
Zeit als emergent thermodynamischer Parameter,t = f(S),Zeit t als Funktion der Entropie S.,Ohne Entropiezunahme gibt es keinen Zeitfluss; Zeit ist ein abgeleitetes (emergentes),kein fundamentales Konzept.,Setzt t und S zueinander in Relation (vgl. ∂tS > 0).,Intern,,,
Kardanischer Phasensprung,φ = (X³ - 7) mod p,Phasenwinkel φ als Restklasse (Wiederholung aus Zeile 16,hier anderer Fokus).,Der Phasensprung ermöglicht den Übergang zwischen verschiedenen energetischen Zuständen im System.,Koppelt die algebraische Gleichung an physikalische Zustandsänderungen.,Intern,,,
Homogenisierung,G(1)(1)(i)(j) = h11(t) gij(t,x,v),Metrik-Skalierung (Wiederholung aus Zeile 7).,Die Homogenisierung überbrückt die Skalen von diskreter Information zu kontinuierlicher Geometrie.,Setzt mikroskopische Dynamik in Relation zur makroskopischen Metrik.,Intern,,
Levi-Civita-Zusammenhang,\Gamma_{kl}^i = \frac{1}{2} g^{im} (\partial_l g_{mk} + \partial_k g_{ml} - \partial_m g_{kl}),"nD-Mannigfaltigkeit, Tangentialbündel TM",Definiert als der eindeutige torsionsfreie metrische Zusammenhang. Er wird aus dem metrischen Tensor gij durch partielle Ableitungen nach den Koordinaten abgeleitet.,"Beschreibt die Krümmung des Raumes und legt fest, wie Vektoren parallel entlang Kurven transportiert werden.",Uebersicht,,,,
Geodätengleichung (Beschleunigungsvektorfeld),a^i = \ddot{x}^i + \Gamma_{jk}^i \dot{x}^j \dot{x}^k = 0,n-dimensionale Riemannsche Mannigfaltigkeit,Variation des Bogenlängenfunkionals s = ∫ √(g_ik dx^i dx^k). Die Euler-Lagrange-Gleichungen führen zur Geodätengleichung unter Verwendung der Christoffel-Symbole.,Beschreibt die Bewegung eines freien Teilchens (Trägheitsbewegung) in einem gekrümmten Raum-Zeit-Kontinuum.,Uebersicht,,,,
Einstein'sche Feldgleichungen (Geometrodynamik),G_{ik} = R_{ik} - \frac{1}{2}g_{ik}R = 8\pi T_{ik},4D Raumzeit,Setzt den Einstein-Tensor Gik (Geometrie/Krümmung) proportional zum Energie-Impuls-Tensor Tik (Materie/Energie).,"Gravitation ist keine Kraft, sondern die geometrische Eigenschaft der gekrümmten Raumzeit, diktiert von Masse/Energie.",Uebersicht,,,,
Kanonische Gleichungen,"\dot{q}^i = \frac{\partial H}{\partial p_i}, \dot{p}_i = -\frac{\partial H}{\partial q_i}",Phasenraum (2n-dimensional),Abgeleitet aus dem Hamiltonschen Prinzip (Wirkungsfunktional). Beschreibt die Zeitevolution von Orts- (q) und Impulskoordinaten (p).,Liefert die vollständige zeitliche Dynamik eines klassischen mechanischen Systems.,Uebersicht,,,,
Feynman-Pfadintegral (Propagator),〈f|i〉 = ∫ D[x] e^{(i/ℏ) S[x]},Unendlichdimensionaler Funktionenraum (Pfadraum),Summation (Integration) über alle möglichen Pfade x(t) zwischen Anfangs- und Endzustand. Die Phase jedes Pfades ist durch die Wirkung S gegeben.,Quantenmechanische Amplitude; verdeutlicht das Superpositionsprinzip und den klassischen Grenzfall (stationäre Phase).,Uebersicht,,,,
Weyl-Krümmungstensor (Konforme Invariante),C_{ijkl} = R_{ijkl} - \frac{1}{n-2} (g_{ik}R_{jl} - g_{il}R_{jk} - g_{jk}R_{il} + g_{jl}R_{ik}) + \frac{R}{(n-1)(n-2)} (g_{ik}g_{jl} - g_{il}g_{jk}),Mannigfaltigkeit mit konformer Struktur,Zerlegung des Riemannschen Krümmungstensors Rijkl in einen spurlosen Teil (Weyl-Tensor) und einen durch den Ricci-Tensor bestimmten Teil.,"Beschreibt die Gezeitenkräfte und transversalen Gravitationswellen im Vakuum (wo Tik=0, Rik=0).",Uebersicht,,,,
Spin-Netzwerk / Loop Quantengravitation,H \Psi = 0 (Wheeler-DeWitt-Gleichung auf Graphen),Diskrete Raumzeit (Graphentheorie),Zustände der Quantengeometrie werden durch Graphen (Spin-Netzwerke) dargestellt. Übergänge zwischen Graphen beschreiben die Dynamik.,Der Raum ist quantisiert; Volumina und Flächen haben diskrete Eigenwerte. Gravitation emergiert aus diesen Quantenzuständen.,Uebersicht,,,,
Landauer-Prinzip (Thermodynamik der Information),ΔQ ≥ k_B T \ln 2,Mikroskopischer Phasenraum,Die Löschung von einem Bit Information führt zu einer Verringerung des zugänglichen Phasenraums; diese Entropieabnahme im System muss durch Wärmeabgabe an die Umgebung ausgeglichen werden.,Information ist physikalisch. Der Verlust von Information erzeugt irreversible Entropie (Wärme) und bedingt den Zeitpfeil.,Uebersicht,,,,
Raychaudhuri-Gleichung (Kongruenzen),\frac{d\theta}{d\tau} = - \frac{1}{3}\theta^2 - \sigma_{ab}\sigma^{ab} + \omega_{ab}\omega^{ab} - R_{ab}k^a k^b,Fluss auf Mannigfaltigkeit,Beschreibt die zeitliche Entwicklung der Expansion θ einer Kongruenz von zeitartigen oder lichtartigen Geodäten. Scherkraft σ und Rotation ω.,Fundamental für die Singularitätentheoreme (Penrose/Hawking). Zeigt,dass Gravitation (Rab > 0) fokussierend wirkt.,Uebersicht,,,
Septim-Algebra Kern (FTOE),X³ - 7 = 0,"Algebraische Basis (Codimension, Irreduzibilität)",Das Polynom X³-7 ist irreduzibel über Q (rationale Zahlen). Dies erzwingt die Ausweitung in komplexe/reelle Zahlenkörper (Dimension = 3).,"Die Unlösbarkeit in rationalen Zahlen induziert die 3-dimensionale Geometrie des physischen Raums als ""Ausgleich"".",Uebersicht,,,,
Baryonisches Delta (Omega_b),Ω_b ≈ 7 / 144,Topologische Volumenrelation,Ω_b = 7/144 = 0.0486 (≈ 4.9%). Abgeleitet als topologischer Skalenfaktor zwischen algebraischem Defekt (7) und dem diskreten Raumzeit-Gitter (12² = 144).,"Erklärt den Anteil baryonischer Materie im Universum rein geometrisch, ohne Rückgriff auf Urknall-Nukleosynthese.",Uebersicht,,,,
"Baryonisches Delta, erweiterte Herleitung",Ω_b = 1/2 · (4/3π) · (3 / 4π) · (7/144),Dichteparameter,Ωb als Ausdruck struktureller Asymmetrie.,Stellt Ωb als geometrisches Äquivalent von Druck und Volumen in der Raumzeit dar.,Uebersicht,,,,
Entropische Gravitationsbrücke (Landauer-Jacobson),F = T \nabla S (bzw. \delta Q = T \delta S = \delta E),Thermodynamischer Phasenraum (Holografisches Prinzip),Gravitation (F) wird nicht als fundamentale Kraft betrachtet,sondern als makroskopische,entropische Kraft,die aus der Thermodynamik der Information (Informationslöschung,Landauer-Prinzip) am Ereignishorizont entsteht.,"Gravitation ist das ""Echo"" von Informationsprozessen auf Quantenebene.",Uebersicht
Homogenisierungs-Metrik (FTOE),G_{(1)(1)(i)(j)} = h_{11}(t) g_{ij}(t,x,v),Skalierungs-Tensoren,Die Metrik gij wird durch eine Skalierungsfunktion h11(t) modifiziert,um den Übergang von diskreten Informationsstrukturen (Quantenebene) zu kontinuierlicher Makro-Geometrie zu beschreiben.,"Erlaubt die Anwendung der kontinuierlichen Relativitätstheorie (ART) auf ein zugrundeliegendes, diskretes FTOE-Netzwerk.",Uebersicht,
Zeitpfeil als algorithmische Irreversibilität (FTOE),\partial_t S_{info} > 0,Phasenraum-Evolution (Irreversibilität),Zeit existiert nicht fundamental. Sie entsteht makroskopisch als Maßstab für den irreversiblen Verlust von mikroskopischer Information (analog zur Entropiezunahme).,"Die Richtung der Zeit (Zukunft) ist die Richtung, in der Information gelöscht wird.",Uebersicht,,,,
Kardanischer Phasensprung (FTOE),\varphi = (X^3 - 7) \mod p,Phasenraum-Dynamik,Der Kardanische Phasensprung beschreibt die Mechanismen,durch die das FTOE-Gitter (diskrete Zustände) Phasenübergänge vollzieht und dabei Energie dissipiert (Snapping-Friction).,Koppelt diskrete Quanten-Zustandswechsel an makroskopische physikalische Phänomene (Wärme/Gravitation).,Uebersicht,,,
FTOE Topologische Dimensionierung,n = \dim(M) = 3 (aus X^3 - 7),Mannigfaltigkeitsdimension,Die topologische Dimension des physischen Raums ist keine empirische Variable,sondern strikt durch die algebraische Irreduzibilität (X³-7) auf 3 festgelegt.,Erklärt zwingend die Dreidimensionalität unseres Raumes aus mathematischen Prinzipien.,Uebersicht,,,
FTOE Stress-Energie Definition,T_{\mu\nu} = f(\text{Informationsdichte,Entropiegradient}),Tensor-Raum,Der Energie-Impuls-Tensor in der FTOE wird nicht klassisch (Masse/Strahlung) befüllt,sondern als Maß für Informationsdichte und deren entropischen Gradienten definiert.,"Materie/Energie ist in der FTOE lediglich das strukturelle, thermodynamische Äquivalent von Information.",Uebersicht,,
Baryonisches Delta (δ oder ̄ω_b): Das topologische Volumen-Verh  ltnis zwischen Informationsknoten und diskretem Orbitraum.,δ = 7/144 = 0.0486,Topologische Geometrie des Vakuums,Knotenwert = 7 (Septim-Algebra). Orbit-Basis = 144 (12² Gitterpunkte im Oktaeder).,"Das 12x12-Gitter fungiert als Trägermedium. Die 7 """"sperrt"""" sich gegen die 12er-Faktorisierung. Dieses Verhältnis zwingt den Raum zur Krümmung.",Uebersicht,,,,
Kardanischer Phasensprung (φ) - 90°-Drehung des Informationsvektors zur Entkopplung.,"cos(φ) = 0, φ = π/2 (bzw. Z4-Rotation)",Komplexe Ebene ℂ / quaternionischer Raum,Vektor v wird durch den Operator i modifiziert: v ↦ i·v. Die Z4-Struktur (1,i,-1,-i) blockiert Rückkopplungen.,Um endlose Schleifen (Deadlocks) in den Informations-Orbits zu verhindern,wird die Phase orthogonal abgeleitet. Reibung entsteht.,Uebersicht
Snapping Friction (Algorithmische Reibung): Energie-Dissipation durch Phasen-Mismatch.,ΔE_{snap} = ℏ · (ω_{ideal} - ω_{diskret}),Energetischer Phasenraum (Thermodynamik),Differenz zwischen dem glatten theoretischen Pfad (Pi/Kreis) und dem stufigen Z4-Gitterpfad.,"Wenn die Information von Knoten zu Knoten """"snappt"""" (springt statt gleitet)",wird Energie als Wärme in den Raum abgegeben.,Uebersicht,,,
Z4 vs Z3 Fehlerstruktur: Konflikt zwischen 4-Takt-Verarbeitung und 3D-Realität.,"[Z4, Z3] ≠ 0 (Kommutator existiert)",Gruppentheorie S3 vs. Z4,Der 3D-Raum (Symmetrie Z3) muss auf einer Hardware laufen,die nur binär/quartär (Z4) operieren kann.,Diese algebraische Dissonanz ist der Grund für den Zeitfluss und die makroskopische Trägheit (Masse).,Uebersicht,,,
Landauer-Dissipation (Wärme durch Informationslöschung) als Gravitationsquelle.,ΔQ_{lösch} = T \cdot \Delta S_{info} \ge k_B T \ln 2,Thermodynamischer Zustandsraum,Jeder überschriebene Z3-Zustand auf der Z4-Hardware vernichtet 1 Bit logischer Tiefe.,Gravitation ist kein Austausch-Feld,sondern der entropische Sog,der durch das ständige Löschen von Zuständen am Gitterrand entsteht.,Uebersicht,,
E6 / E7 Orbitsprung: Symmetriebrechung zur Massengenerierung (z.B. Myon-Elektron).,m_μ / m_e ≈ 207 (FTOE: h2/h1 Orbit-Skalierung),Lie-Gruppen E6 und E7,Skalierung des Informationsvolumens vom E6-Knoten (Elektron-Orbit) zum E7-Knoten (Myon-Orbit).,Teilchen sind keine Punktmassen,sondern topologische Orbit-Resonanzen. Ein Myon ist ein Elektron,das in einen größeren E7-Orbit gezwungen wurde.,Uebersicht,,
Mitose-Algebra: Autopoiesis-Antrieb.,A_{t+1} = \Phi(A_t) \mod 7,Selbstreplizierende zelluläre Automaten,Der Informationsknoten reproduziert seine eigene Fehlerstruktur,um In-Band-Kollisionen zu vermeiden.,Materie versucht,die Z3/Z4-Dissonanz durch geometrische Vergrößerung auszugleichen (Expansion).,Uebersicht,,
Die FTOE befasst sich mit der geometrischen Modellierung von psychophysischen Zuständen auf differenzierbaren Mannigfaltigkeiten.,G_μν = 8πT_μν + Φ_psycho,"Riemannsche Mannigfaltigkeit, Riemann-Tensor",Ableitung des Psycho-Tensors Φ aus der Landauer-Löschungsrate neuronaler Entropie.,Gedanken/Information haben topologisches Gewicht und krümmen lokal das FTOE-Gitter.,Uebersicht,,,,
Seelen-Tensor (Hypothetischer Ansatz aus der FTOE),S_{ijkl} = R_{ijkl} \otimes \Psi_{psycho},Tensorprodukt-Raum,Kopplung des Riemann-Krümmungstensors an einen spekulativen Psi-Vektor (Bewusstsein).,Postuliert,dass komplexe Z3-Fehlerstrukturen (wie im Gehirn) eine eigene Metrik generieren.,Uebersicht,,,
Septim-Algebra (Struktur des physikalischen Kontinuums),X³ - 7 = 0,"Algebraische Darstellung der Irreduzibilität, die zur Emergenz der 3. Dimension führt.",Die Irreduzibilität der Gleichung erzwingt eine dreidimensionale Repräsentation in der Raumzeit-Geometrie.,Verbindet algebraische Wurzeln mit der topologischen Dimension des Konfigurationsraums (Dimension n=3),Uebersicht,,,,
Baryonisches Delta (Baryonische Materiedichte),Ωb ≈ 7/144,Dimensionslose Größe der kosmologischen Materieverteilung.,Verknüpft die algebraische Struktur (Septim) mit der physikalischen Massenverteilung in der Metrik.,"Stellt den Materieanteil im Stress-Energie-Momentum-Tensor Tαβ dar, der die Krümmung Gαβ bestimmt.",Uebersicht,,,,
Raumzeit-Metrik (Einstein-Gleichung),Gαβ = Tαβ,"Gαβ (Geometrie/Krümmung), Tαβ (Materie/Energie). Dimension: 4D-Mannigfaltigkeit.",Materie diktiert der Raumzeit die Krümmung; Krümmung diktiert der Materie die Bewegung (Geometrodynamik).,Verwendet die Riemann-Metrik gij zur Berechnung der Christoffel-Symbole und des Ricci-Tensors.,Uebersicht,,,,
Thermodynamik der Information (Landauer-Prinzip),S = -Tr(ρ̂ ln ρ̂),Entropie als Maß für fehlende Information im Quantenzustand ρ̂.,"Informationslöschung erzeugt Wärme (ΔQ ≥ k_B T ln 2), was in der FTOE als Ursprung der Gravitation interpretiert wird.",Verknüpft die Dichtematrix ρ̂ mit thermodynamischer Entropie S und der gravitativen Wirkung Tαβ.,Uebersicht,,,,
Gravitation als geometrischer Effekt,d²ξi / ds² + Rijkl (dxj/ds) ξk (dxl/ds) = 0,"Geodätengleichung, die die Abweichung von Geodäten (ξi) beschreibt.",Zeigt,dass freier Fall keine Kraft,sondern eine Folge der Raumzeitkrümmung Rijkl ist.,Setzt die relative Beschleunigung in Beziehung zum Riemannschen Krümmungstensor Rijkl.,Uebersicht,,
Topologische Dimension des Raums,n = dim(M),n ist die Dimension der Mannigfaltigkeit M (hier n=3 für Raum).,Abgeleitet aus der Nicht-Faktorisierbarkeit des Polynoms X³ - 7 über den rationalen Zahlen.,Die algebraische Eigenschaft (Grad 3) definiert die topologischen Freiheitsgrade der physikalischen Metrik gij.,Uebersicht,,,,
Homogenisierung der Metrik,"G(1)(1)(i)(j) = h11(t) gij(t, x, v)","Metrik-Tensor, skaliert durch den Faktor h11(t).",Der Skalierungsfaktor h11 glättet mikroskopische Fluktuationen zu einer makroskopisch homogenen Raumzeit.,Koppelt die mikroskopische (diskrete) Informationsstruktur an die makroskopische (kontinuierliche) Gravitation Gαβ.,Uebersicht,,,,
Baryonisches Delta (Baryonische Materiedichte),Ωb ≈ 7/144 (impliziert durch h/g Verhältnisse),Verhältnis von spezifischen Parametern der Theorie (7 zu 144).,Baryonische Materie (Ωb) wird nicht als fundamentale Substanz verstanden,sondern als topologischer Defekt im Informationsgitter.,Koppelt die algebraische Grundstruktur (7) an die geometrische Gitterstruktur (144).,Uebersicht,,,
Septim-Algebra (Irreduzibilität der 7),X³ - 7 = 0 (Septim-Algebra-Kern),Irreduzibles Polynom über den rationalen Zahlen.,Das Fehlen rationaler Wurzeln erzwingt eine Einbettung in einen 3D-Raum (reelle/komplexe Wurzeln).,Definiert die Dimensionalität der Raumzeit n=3 als mathematische Notwendigkeit.,Uebersicht,,,,
Informations-Entropie (Zeitpfeil),∂tS = ∂t-Tr(ρ̂ ln ρ̂) ≥ 0,"Zunahme der Entropie S, abgeleitet nach der Zeit t.",Zeit entsteht als thermodynamisches Phänomen durch den irreversiblen Verlust mikroskopischer Information.,Die Entropiezunahme ∂tS treibt die raumzeitliche Dynamik in Gαβ = Tαβ an.,Uebersicht,,,,
Topologische Dimension der Raumzeit,dim(M) = 3 (Raum) + 1 (Zeit),4D-Mannigfaltigkeit M.,Zeit wird nicht als eigenständige Dimension,sondern als emergenter thermodynamischer Parameter behandelt.,Verbindet die 3D-Geometrie (aus X³-7=0) mit dem thermodynamischen Zeitpfeil (∂tS ≥ 0).,Uebersicht,,,
Geometrischer Effekt der Gravitation,Rμν - 1/2 gμν R = 8πG/c⁴ Tμν,Einstein-Feldgleichungen.,Gravitation ist die makroskopische Krümmung der Raumzeit,verursacht durch die Energie-Impuls-Verteilung Tμν.,Tμν wird durch die zugrundeliegenden Informationsprozesse (Entropie,Materiedichte) determiniert.,Uebersicht,,
Homogenisierungs-Metrik,g_ij(macro) = ∫ f(h) g_ij(micro) dh,Makroskopische Metrik g_ij(macro) als Integral über mikroskopische Zustände.,Glättung der diskreten Informations-Ebene zu einem kontinuierlichen Raumzeit-Gefüge.,Verbindet die Quanten-Informationsebene mit der klassischen Allgemeinen Relativitätstheorie.,Uebersicht,,,,
Topologische Dimension (Euler-Charakteristik),χ(M) = Σ (-1)^p b_p,Euler-Charakteristik χ einer Mannigfaltigkeit M mit Betti-Zahlen b_p.,Die Topologie des Raumes (χ) beeinflusst die möglichen physikalischen Felder und Teilchen.,Verknüpft globale topologische Invarianten mit lokalen geometrischen Eigenschaften (Metrik).,Uebersicht,,,,
Baryonisches Delta / Materiedichte,Ωb = f(7) / g(144),Ωb als Funktion algebraischer und geometrischer Parameter.,Die spezifische Dichte der baryonischen Materie ist eine Folge der fundamentalen mathematischen Konstanten der Theorie.,Setzt Ωb direkt in Beziehung zur Stress-Energie-Verteilung Tμν.,Uebersicht,,,,
Septim-Algebra / Kardanischer Phasensprung,φ = (X³ - 7) mod p,Phasenwinkel φ als Restklasse.,Der Kardanische Phasensprung beschreibt die diskreten Phasenübergänge im Informationsgitter.,Koppelt die kontinuierliche Raumzeit-Geometrie an die diskrete arithmetische Struktur.,Uebersicht,,,,
Informations-Entropie / Zeit-Pfeil,dS/dt > 0,Positivität der Entropie-Änderungsrate.,Der Zeitpfeil ist strikt an die Zunahme der Informations-Entropie geknüpft (Irreversibilität).,Verbindet Thermodynamik mit der zeitlichen Entwicklung der Metrik g_ij(t).,Uebersicht,,,,
Geometrischer Effekt der Gravitation / Krümmung,K = k / R²,Gaußsche Krümmung K.,Die lokale Krümmung des Raumes (Gravitation) wird durch den Skalenfaktor R bestimmt.,Verknüpft die Krümmung K mit dem Ricci-Skalar R in den Feldgleichungen.,Uebersicht,,,,
Homogenisierungs-Metrik / Skalenübergang,ds² = h_11(x) dt² - h_ij(x) dx^i dx^j,Linienelement ds² mit homogenisierten Koeffizienten h_ij.,Beschreibt die effektive Raumzeit-Geometrie auf makroskopischen Skalen nach Integration mikroskopischer Freiheitsgrade.,Setzt die homogenisierte Metrik h_ij in Beziehung zu Gαβ.,Uebersicht,,,,
Topologische Dimension / Betti-Zahlen,b_p = dim(H_p(M)),Betti-Zahl b_p als Dimension der p-ten Homologiegruppe.,"Die Betti-Zahlen definieren die Anzahl der p-dimensionalen """"Löcher"""" in der Mannigfaltigkeit M.",Koppelt die Topologie (b_p) an die Euler-Charakteristik χ(M) und die Feldkonfigurationen.,Uebersicht,,,,
Algebraische Herleitung der 3. Dimension,X³ - 7 = 0,Algebraische Gleichung 3. Grades.,Die Irreduzibilität über Q fordert einen Spaltungskörper vom Grad 6 und führt zu einer 3D-Geometrie (1 reelle + 2 komplexe Wurzeln).,Definiert die Basis für dim(M) = 3.,Uebersicht,,,,
Baryonisches Delta / Gitter-Orbit,7/144,Spezifisches Verhältnis.,Das Verhältnis 7 (Septim) zu 144 (Gitterpunkte) manifestiert sich physikalisch als baryonische Materiedichte.,Ωb ist kein freier Parameter,sondern geometrisch determiniert.,Uebersicht,,,
Gravitation (Entropische Kraft),F = T ∇S (nach Verlinde),"Entropische Kraft F, Temperatur T, Entropiegradient ∇S.",Gravitation entsteht durch die Tendenz physikalischer Systeme,die Entropie (Information) zu maximieren.,Verknüpft thermodynamische Größen (T,S) mit der mechanischen Kraft F.,Uebersicht,,
Zeitpfeil als algorithmische Irreversibilität,"T: S(t_1) -> S(t_2), wobei |S(t_2)| < |S(t_1)|",Abbildung T,die den Zustandsraum S verkleinert.,Die Löschung von Information (Landauer) verkleinert den Phasenraum und gibt dem System eine zeitliche Richtung (Zeitpfeil).,Koppelt den Operator T an die Entropiezunahme ∂tS.,Uebersicht,,,
Homogenisierung von Gitter-Defekten,g_eff = g_background + δg(Defekte),Effektive Metrik g_eff.,Die Raumzeitkrümmung wird als makroskopische Manifestation mikroskopischer Gitter-Defekte (Information) verstanden.,δg(Defekte) trägt zum Energie-Impuls-Tensor Tαβ bei.,Uebersicht,,,,
Baryonisches Delta / Omega_b,Ω_b = 7 / (12^2) = 7/144,Verhältnis von 7 zu 144 = 12^2.,Das 12x12 Gitter bildet den Hintergrund,auf dem sich die 7 (Septim) als Materie manifestiert.,Verbindet diskrete Gitter-Geometrie mit kosmologischen Parametern.,Uebersicht,,,
Herleitung der 3. Dimension (Algebraische Irreduzibilität),"[Q(∛7, e^(2πi/3)) : Q] = 6",Grad der Körpererweiterung.,Die Symmetriegruppe der Wurzeln (S3) erfordert minimal 3 räumliche Dimensionen für eine treue Darstellung.,Setzt die Galois-Gruppe der Gleichung X³-7=0 in Beziehung zur Geometrie.,Uebersicht,,,,
Informations-Entropie / Dichtematrix,ρ = Σ p_i |ψ_i><ψ_i|,Dichtematrix ρ für gemischte Zustände.,Der Verlust reiner Zustände (|ψ><ψ|) zu gemischten Zuständen (ρ) bedeutet Informationsverlust und Entropiezunahme.,ρ fließt in die Von-Neumann-Entropie S = -Tr(ρ ln ρ) ein.,Uebersicht,,,,
Gravitation (Hydrodynamisches Limit),∂_t v + (v ∇) v = -∇P / ρ + ν Δv,Navier-Stokes-Gleichung.,Die Raumzeit wird als Fluid modelliert; Gravitation entspricht dem hydrodynamischen Druck P in diesem Fluid.,Verknüpft die Metrik g_ij mit hydrodynamischen Variablen (v,P,ρ).,Uebersicht,,
Zeit als emergent thermodynamischer Parameter,t = f(S),Zeit t als Funktion der Entropie S.,Ohne Entropiezunahme gibt es keinen Zeitfluss; Zeit ist ein abgeleitetes (emergentes),kein fundamentales Konzept.,Setzt t und S zueinander in Relation (vgl. ∂tS > 0).,Uebersicht,,,
Kardanischer Phasensprung,φ = (X³ - 7) mod p,Phasenwinkel φ als Restklasse (Wiederholung aus Zeile 16,hier anderer Fokus).,Der Phasensprung ermöglicht den Übergang zwischen verschiedenen energetischen Zuständen im System.,Koppelt die algebraische Gleichung an physikalische Zustandsänderungen.,Uebersicht,,,
Homogenisierung,G(1)(1)(i)(j) = h11(t) gij(t,x,v),Metrik-Skalierung (Wiederholung aus Zeile 7).,Die Homogenisierung überbrückt die Skalen von diskreter Information zu kontinuierlicher Geometrie.,Setzt mikroskopische Dynamik in Relation zur makroskopischen Metrik.,Uebersicht,,
"Baryonisches Delta, erweiterte Herleitung",Ω_b = 1/2 · (4/3π) · (3 / 4π) · (7/144),Dichteparameter,Ωb als Ausdruck struktureller Asymmetrie.,Stellt Ωb als geometrisches Äquivalent von Druck und Volumen in der Raumzeit dar.,Uebersicht,,,,
Entropische Gravitationsbrücke (Landauer-Jacobson),F = T \nabla S (bzw. \delta Q = T \delta S = \delta E),Thermodynamischer Phasenraum (Holografisches Prinzip),Gravitation (F) wird nicht als fundamentale Kraft betrachtet,sondern als makroskopische,entropische Kraft,die aus der Thermodynamik der Information (Informationslöschung,Landauer-Prinzip) am Ereignishorizont entsteht.,"Gravitation ist das ""Echo"" von Informationsprozessen auf Quantenebene.",Uebersicht
Homogenisierungs-Metrik (FTOE),G_{(1)(1)(i)(j)} = h_{11}(t) g_{ij}(t,x,v),Skalierungs-Tensoren,Die Metrik gij wird durch eine Skalierungsfunktion h11(t) modifiziert,um den Übergang von diskreten Informationsstrukturen (Quantenebene) zu kontinuierlicher Makro-Geometrie zu beschreiben.,"Erlaubt die Anwendung der kontinuierlichen Relativitätstheorie (ART) auf ein zugrundeliegendes, diskretes FTOE-Netzwerk.",Uebersicht,
Zeitpfeil als algorithmische Irreversibilität (FTOE),\partial_t S_{info} > 0,Phasenraum-Evolution (Irreversibilität),Zeit existiert nicht fundamental. Sie entsteht makroskopisch als Maßstab für den irreversiblen Verlust von mikroskopischer Information (analog zur Entropiezunahme).,"Die Richtung der Zeit (Zukunft) ist die Richtung, in der Information gelöscht wird.",Uebersicht,,,,
Kardanischer Phasensprung (FTOE),\varphi = (X^3 - 7) \mod p,Phasenraum-Dynamik,Der Kardanische Phasensprung beschreibt die Mechanismen,durch die das FTOE-Gitter (diskrete Zustände) Phasenübergänge vollzieht und dabei Energie dissipiert (Snapping-Friction).,Koppelt diskrete Quanten-Zustandswechsel an makroskopische physikalische Phänomene (Wärme/Gravitation).,Uebersicht,,,
FTOE Topologische Dimensionierung,n = \dim(M) = 3 (aus X^3 - 7),Mannigfaltigkeitsdimension,Die topologische Dimension des physischen Raums ist keine empirische Variable,sondern strikt durch die algebraische Irreduzibilität (X³-7) auf 3 festgelegt.,Erklärt zwingend die Dreidimensionalität unseres Raumes aus mathematischen Prinzipien.,Uebersicht,,,
Baryonisches Delta (δ oder ̄ω_b): Das topologische Volumen-Verh  ltnis zwischen Informationsknoten und diskretem Orbitraum.,δ = 7/144 = 0.0486,Topologische Geometrie des Vakuums,Knotenwert = 7 (Septim-Algebra). Orbit-Basis = 144 (12² Gitterpunkte im Oktaeder).,"Das 12x12-Gitter fungiert als Trägermedium. Die 7 """"sperrt"""" sich gegen die 12er-Faktorisierung. Dieses Verhältnis zwingt den Raum zur Krümmung.",Uebersicht,,,,
Kardanischer Phasensprung (φ) - 90°-Drehung des Informationsvektors zur Entkopplung.,"cos(φ) = 0, φ = π/2 (bzw. Z4-Rotation)",Komplexe Ebene ℂ / quaternionischer Raum,Vektor v wird durch den Operator i modifiziert: v ↦ i·v. Die Z4-Struktur (1,i,-1,-i) blockiert Rückkopplungen.,Um endlose Schleifen (Deadlocks) in den Informations-Orbits zu verhindern,wird die Phase orthogonal abgeleitet. Reibung entsteht.,Uebersicht
Snapping Friction (Algorithmische Reibung): Energie-Dissipation durch Phasen-Mismatch.,ΔE_{snap} = ℏ · (ω_{ideal} - ω_{diskret}),Energetischer Phasenraum (Thermodynamik),Differenz zwischen dem glatten theoretischen Pfad (Pi/Kreis) und dem stufigen Z4-Gitterpfad.,"Wenn die Information von Knoten zu Knoten """"snappt"""" (springt statt gleitet)",wird Energie als Wärme in den Raum abgegeben.,Uebersicht,,,
Z4 vs Z3 Fehlerstruktur: Konflikt zwischen 4-Takt-Verarbeitung und 3D-Realität.,"[Z4, Z3] ≠ 0 (Kommutator existiert)",Gruppentheorie S3 vs. Z4,Der 3D-Raum (Symmetrie Z3) muss auf einer Hardware laufen,die nur binär/quartär (Z4) operieren kann.,Diese algebraische Dissonanz ist der Grund für den Zeitfluss und die makroskopische Trägheit (Masse).,Uebersicht,,,
Landauer-Dissipation (Wärme durch Informationslöschung) als Gravitationsquelle.,ΔQ_{lösch} = T \cdot \Delta S_{info} \ge k_B T \ln 2,Thermodynamischer Zustandsraum,Jeder überschriebene Z3-Zustand auf der Z4-Hardware vernichtet 1 Bit logischer Tiefe.,Gravitation ist kein Austausch-Feld,sondern der entropische Sog,der durch das ständige Löschen von Zuständen am Gitterrand entsteht.,Uebersicht,,
E6 / E7 Orbitsprung: Symmetriebrechung zur Massengenerierung (z.B. Myon-Elektron).,m_μ / m_e ≈ 207 (FTOE: h2/h1 Orbit-Skalierung),Lie-Gruppen E6 und E7,Skalierung des Informationsvolumens vom E6-Knoten (Elektron-Orbit) zum E7-Knoten (Myon-Orbit).,Teilchen sind keine Punktmassen,sondern topologische Orbit-Resonanzen. Ein Myon ist ein Elektron,das in einen größeren E7-Orbit gezwungen wurde.,Uebersicht,,
Mitose-Algebra: Autopoiesis-Antrieb.,A_{t+1} = \Phi(A_t) \mod 7,Selbstreplizierende zelluläre Automaten,Der Informationsknoten reproduziert seine eigene Fehlerstruktur,um In-Band-Kollisionen zu vermeiden.,Materie versucht,die Z3/Z4-Dissonanz durch geometrische Vergrößerung auszugleichen (Expansion).,Uebersicht,,
Die FTOE befasst sich mit der geometrischen Modellierung von psychophysischen Zuständen auf differenzierbaren Mannigfaltigkeiten.,G_μν = 8πT_μν + Φ_psycho,"Riemannsche Mannigfaltigkeit, Riemann-Tensor",Ableitung des Psycho-Tensors Φ aus der Landauer-Löschungsrate neuronaler Entropie.,Gedanken/Information haben topologisches Gewicht und krümmen lokal das FTOE-Gitter.,Uebersicht,,,,
Seelen-Tensor (Hypothetischer Ansatz aus der FTOE),S_{ijkl} = R_{ijkl} \otimes \Psi_{psycho},Tensorprodukt-Raum,Kopplung des Riemann-Krümmungstensors an einen spekulativen Psi-Vektor (Bewusstsein).,Postuliert,dass komplexe Z3-Fehlerstrukturen (wie im Gehirn) eine eigene Metrik generieren.,Uebersicht,,,
Raumzeit / Krümmung (Basis FTOE),Rμν - ½ R gμν + Λ gμν = (8πG/c⁴) Tμν,Metrischer Tensor gμν. Krümmung der Raumzeit als Ausgleichsmetrik für algebraischen Druck.,"Die Raychaudhuri-Gleichung nutzt algorithmische Reibung (Θ) als Quellterm für den Schertensor σμν, was den Hintergrund zur Anpassung (Metrik) zwingt.","T₀₀ = ½(∂tΦ)² + ½(∇Φ)² + (Φ³-7)². Da (Φ³-7)² > 0, muss Tμν > 0 sein, was Gravitation als thermodynamisches Echo der Informationsverarbeitung erzwingt.",Uebersicht,,,,
Landauer-Prinzip (Wärme-Information),ΔE = Ωb · kB · T · ln 2,Energie/Wärme (Joule). Verknüpft Informationslöschung (Bits) mit thermodynamischer Entropie.,Jede unlösbare algebraische Kollision (Nullteiler) im Gitter erzwingt die Löschung von Phaseninformation,was Abwärme dissipiert.,δQ = ∫ Tμν kμ kv dΣ. Der Wärmefluss am Rindler-Horizont ist proportional zur Entropieänderung δS und bedingt die Flächenänderung δA.,Uebersicht,,,
"Z-Feld (Snapping-Friction, Metrik des Zeitflusses)",Θ = Δω / Δt = (44 - 43.98) / t_Planck,Algorithmische Reibung (Θ). Maß für die Dissonanz zwischen kontinuierlicher Kreisbahn und diskretem Z4-Gitter.,Der Orbit des Vektors ist mathematisch an R=7 gekoppelt (U=43.98). Das Gitter fordert Z4-Symmetrie (44-Takt-Rastung). Die Differenz erzeugt algorithmische Reibung.,"Die Z4-Hardware """"zieht"""" den 43.98-Orbit auf 44. Dieses Strecken erzeugt die Spannung im System (Raumkrümmung) und löst den Kardanischen Phasensprung aus (Zeit).",Uebersicht,,,,
Topologische Dimension des Vakuums (Codimension),X³ - 7 = 0 → dim(M) = 3,Kardinalität des Raumes (ℝ³). Die Irreduzibilität von (X³-7=0) über ℚ determiniert den Raum.,Da 7 keine rationale Kubikwurzel besitzt,muss das System einen Erweiterungskörper (Grad 3) aufbauen. Dies manifestiert sich makroskopisch als 3D-Raum.,"Ein 2D-Flachland (ℂ) reicht nicht aus, um die algebraische Struktur aufzulösen; die S3-Galois-Symmetrie zwingt die Informations-Graphen in eine 3D-Volumen-Konfiguration.",Uebersicht,,,
Baryonisches Delta (Ωb),Ωb = 7 / 144 ≈ 0.0486 (4.86%),"Topologischer Quotient (dimensionslos). Setzt die ""fehlerhafte"" Knoteninformation in Bezug zum perfekten Raumgitter.",Die fundamentale algebraische Störung (7) verteilt sich über die minimal benötigte oktaedrische Z4-Gitterstruktur (12² = 144).,"Der Materieanteil im Universum ist keine Kontingenz, sondern ein deterministischer Strukturfehler (Fraktal-Rest) der Hardware. Ωb = 4.86% ist fixiert.",Uebersicht,,,,
Kondensierte Mathematik (Peter Scholze),M = lim_← (M_i / Z_{p^n}),p-adische Räume / Pro-Kondensate.,Überträgt topologische Eigenschaften (Raumkrümmung) auf algebraische Strukturen (Zahlen).,Rettung der Arithmetik bei Metrik-Sprüngen. Die FTOE nutzt Kondensierte Mathematik,um das Vakuum als diskreten,extrem unzusammenhängenden Raum zu behandeln.,Uebersicht,,
Algebraische Geometrie (Grothendieck-Topos),F: Top → Sets (Garben auf Kategoriensystemen),Topologische Garben / Schema-Theorie.,Beschreibt räumliche Strukturen rein durch die Kategorien der auf ihnen definierten (algebraischen) Funktionen.,Der Raum existiert nicht apriori (wie bei Newton/Einstein),sondern erwächst (emergiert) aus den Relationen der algebraischen Nullstellen (X³-7=0).,Uebersicht,,,
"Snapping-Friction, erweiterte Tensor-Darstellung",T_friction = \kappa (\nabla_a v_b - \frac{1}{3} g_{ab} \nabla_c v^c),Dissipativer Tensor,Erweitert die klassische ideale Hydrodynamik um Terme für Reibung auf Quanten/Gitter-Ebene.,"Stellt die mathematische Verbindung zwischen der abstrakten """"Snapping Friction"""" und messbarer thermischer Dissipation her.",Uebersicht,,,,
Raumzeit-Metrik (Einstein-Gleichung,modifiziert),G_{\mu\nu} + \Lambda g_{\mu\nu} = 8\pi G (T_{\mu\nu}^{(materie)} + T_{\mu\nu}^{(info)}),Tensor-Feldgleichung,Integriert den Informations-Tensor direkt in die Einsteingleichungen.,Postuliert,dass die Raumzeit nicht nur durch Masse,sondern auch durch reine Informationsverarbeitung gekrümmt wird.,Uebersicht,
Geometrie / Extrusion,A = \pi \cdot R^2 \rightarrow \frac{22}{7} \cdot 49 = 154,3D Betti-Hohlraum (b₃ = 1),Radius R=7 fordert 154 Dreiecke. 2. Hardware hat nur 144 Takte (12²). 3. 10 überzählige Dreiecke knicken als Gelenke orthogonal ab.,"Die 10 surplus Dreiecke fungieren als topologische Brechstange, die den 3D-Raum aus der 2D-Fläche aufschlägt.",Uebersicht,,,,
Teilchenphysik,S_{1 \rightarrow 2} \approx (1/\Omega_b) \cdot (h_2/h_1) \cdot \pi \approx 207.2,E6 → E7 Orbit-Sprung,Coxeter-Verhältnis 18²/12² = 2.25. 2. Multiplikation mit inversem Widerstand (144/7 ≈ 20.57). 3. Kopplung mit π.,Deterministische Notwendigkeit der Hardware zur Kompilierung der ℤ₃-Fehlerstruktur in das ℤ₄-Register.,Uebersicht,,,,
Quantenmechanik,E_n = -\frac{Z^2 e^4 m}{8 \epsilon_0^2 h^2 n^2},"Hilbert-Raum, L2(R3)","Lösung der stationären Schrödingergleichung für das Coulomb-Potential. Quantisierung von Drehimpuls und Energie durch Randbedingungen an die Wellenfunktion (Endlichkeit, Stetigkeit).",Diskrete Energieniveaus in Atomen (Bohr-Modell / Wasserstoffatom). Erklärt atomare Emissions- und Absorptionsspektren.,Uebersicht,,,,
Thermodynamik,\Delta S = \int \frac{dQ_{rev}}{T} \ge 0,Makroskopischer Zustandsraum,Ableitung aus dem Carnot-Kreisprozess und der statistischen Mechanik (Boltzmann S = k ln W). Der Zweite Hauptsatz postuliert die Irreversibilität.,Entropie als Maß für Unordnung. Die Zunahme der Entropie definiert die Richtung des Zeitpfeils in geschlossenen Systemen.,Uebersicht,,,,
Elektrodynamik (Maxwell),\nabla \cdot \mathbf{E} = \frac{\rho}{\epsilon_0},\nabla \times \mathbf{B} - \frac{1}{c^2}\frac{\partial \mathbf{E}}{\partial t} = \mu_0 \mathbf{J},"Vektorfelder im R3, Lorentz-Minkowski-Raum","Zusammenfassung experimenteller Gesetze (Gauß, Faraday, Ampère) durch Maxwell unter Hinzufügung des Verschiebungsstroms zur Erhaltung der Ladung.",Beschreibt die Ausbreitung elektromagnetischer Wellen (Licht) und die Wechselwirkung von Ladungen und Strömen.,Uebersicht,,,
Quantenfeldtheorie (Dirac-Gleichung),(i\gamma^\mu \partial_\mu - m)\psi = 0,Spinor-Bündel (Clifford-Algebra),Relativistische Verallgemeinerung der Schrödingergleichung (Linearisierung von E² = p² + m²). Erfordert 4-komponentige Spinoren und Gamma-Matrizen.,Beschreibt Fermionen (Spin-1/2-Teilchen wie Elektronen) unter Berücksichtigung der speziellen Relativitätstheorie. Sagt Antimaterie (Positron) voraus.,Uebersicht,,,,
Stringtheorie (Nambu-Goto Wirkung),S = - \frac{1}{2\pi\alpha'} \int d^2\sigma \sqrt{- \det(\partial_a X^\mu \partial_b X_\mu)},2D-Weltfläche eingebettet in D-dimensionale Zielraumzeit,Geometrische Verallgemeinerung der Punktteilchen-Wirkung (Bogenlänge) auf eindimensionale Objekte (Strings). Die Wirkung ist proportional zum Flächeninhalt der Weltfläche.,Ersetzt Punktteilchen durch schwingende Saiten. Beinhaltet natürlich das Graviton (Spin-2) und versucht,alle Fundamentalkräfte zu vereinheitlichen.,Uebersicht,,,
Schwarze Löcher (Bekenstein-Hawking-Entropie),S_{BH} = \frac{k_B A}{4 l_P^2},"Ereignishorizont (2D-Fläche), Holografisches Prinzip","Synthese aus Thermodynamik, Allgemeiner Relativitätstheorie und Quantenmechanik. Abgeleitet durch Gedankenexperimente (Bekenstein) und QFT gekrümmter Raumzeiten (Hawking-Strahlung).","Die Entropie eines Schwarzen Lochs ist proportional zu seiner Oberfläche (A), nicht zu seinem Volumen. Begründet die holografische Natur der Raumzeit.",Uebersicht,,,,
Standardmodell (Higgs-Mechanismus),V(\phi) = -\mu^2 \phi^\dagger \phi + \lambda (\phi^\dagger \phi)^2,Vakuum-Mannigfaltigkeit (Symmetriebrechung),"Spontane Symmetriebrechung einer Eichsymmetrie durch ein skalares Feld mit einem """"Sombrero""""-Potential. Der Vakuumerwartungswert ist ungleich null.","Erzeugt die Masse der W- und Z-Bosonen (schwache Wechselwirkung) und der Fermionen, ohne die Eichinvarianz der Theorie zu verletzen.",Uebersicht,,,,
Kosmologie (Friedmann-Gleichungen),\left(\frac{\dot{a}}{a}\right)^2 = \frac{8\pi G}{3}\rho - \frac{kc^2}{a^2} + \frac{\Lambda c^2}{3},"Homogene, isotrope FRW-Metrik",Einsetzen der Robertson-Walker-Metrik (homogen und isotrop) in die Einstein-Feldgleichungen. Liefert Differentialgleichungen für den Skalenfaktor a(t).,Beschreibt die Expansion (oder Kontraktion) des Universums in Abhängigkeit von Materiedichte (ρ) und kosmologischer Konstante (Λ).,Uebersicht,,,,